{
	 "rootnode": {
		 "name": "RootNode"
		,"transformation": [
			 1
			,0
			,0
			,0
			,0
			,1
			,0
			,0
			,0
			,0
			,1
			,0
			,0
			,0
			,0
			,1
		]
		,"children": [
			{
				 "name": "ChamferBox001_$AssimpFbx$_PreRotation"
				,"transformation": [
					 1
					,0
					,0
					,0
					,0
					,-4.37114e-008
					,1
					,0
					,0
					,-1
					,-4.37114e-008
					,0
					,0
					,0
					,0
					,1
				]
				,"children": [
					{
						 "name": "ChamferBox001"
						,"transformation": [
							 1
							,0
							,0
							,0
							,0
							,1
							,0
							,0
							,0
							,0
							,1
							,0
							,0
							,0
							,0
							,1
						]
						,"meshes": [
							 0
						]
					}
				]
			}
		]
	}
	,"flags": 8
	,"meshes": [
		{
			 "name": ""
			,"materialindex": 0
			,"primitivetypes": 4
			,"vertices": [
				 -14.8734
				,17.5
				,29.4419
				,-17.5
				,14.8734
				,29.4419
				,-14.5498
				,12.3659
				,32.415
				,-12.3659
				,14.5498
				,32.415
				,-17.5
				,-14.8734
				,29.4419
				,-14.5498
				,-12.3659
				,32.415
				,-14.8734
				,-17.5
				,29.4419
				,-12.3659
				,-14.5498
				,32.415
				,-14.5498
				,-12.3659
				,32.415
				,-14.8734
				,-17.5
				,29.4419
				,14.8734
				,-17.5
				,29.4419
				,12.3659
				,-14.5498
				,32.415
				,-12.3659
				,-14.5498
				,32.415
				,14.8734
				,-17.5
				,29.4419
				,17.5
				,-14.8734
				,29.4419
				,14.5498
				,-12.3659
				,32.415
				,12.3659
				,-14.5498
				,32.415
				,17.5
				,14.8734
				,29.4419
				,14.5498
				,12.3659
				,32.415
				,14.8734
				,17.5
				,29.4419
				,12.3659
				,14.5498
				,32.415
				,14.5498
				,12.3659
				,32.415
				,14.8734
				,17.5
				,29.4419
				,-14.8734
				,17.5
				,29.4419
				,-12.3659
				,14.5498
				,32.415
				,12.3659
				,14.5498
				,32.415
				,-14.8734
				,17.5
				,5.68896
				,-17.5
				,14.8734
				,5.68896
				,-17.5
				,-14.8734
				,5.68896
				,-14.8734
				,-17.5
				,5.68896
				,-14.8734
				,-17.5
				,5.68896
				,14.8734
				,-17.5
				,5.68896
				,14.8734
				,-17.5
				,5.68896
				,17.5
				,-14.8734
				,5.68896
				,17.5
				,14.8734
				,5.68896
				,14.8734
				,17.5
				,5.68896
				,14.8734
				,17.5
				,5.68896
				,-14.8734
				,17.5
				,5.68896
				,-12.9419
				,15.2274
				,2.58504
				,-15.2274
				,12.9419
				,2.58504
				,-15.2274
				,-12.9419
				,2.58504
				,-12.9419
				,-15.2274
				,2.58504
				,-12.9419
				,-15.2274
				,2.58504
				,12.9419
				,-15.2274
				,2.58504
				,12.9419
				,-15.2274
				,2.58504
				,15.2274
				,-12.9419
				,2.58504
				,15.2274
				,12.9419
				,2.58504
				,12.9419
				,15.2274
				,2.58504
				,12.9419
				,15.2274
				,2.58504
				,-12.9419
				,15.2274
				,2.58504
				,12.3659
				,-14.5498
				,32.415
				,14.5498
				,-12.3659
				,32.415
				,14.5498
				,12.3659
				,32.415
				,-12.3659
				,-14.5498
				,32.415
				,15.2274
				,-12.9419
				,2.58504
				,12.9419
				,-15.2274
				,2.58504
				,-12.9419
				,-15.2274
				,2.58504
				,15.2274
				,12.9419
				,2.58504
				,12.3659
				,14.5498
				,32.415
				,-14.5498
				,-12.3659
				,32.415
				,-12.3659
				,-14.5498
				,32.415
				,14.5498
				,12.3659
				,32.415
				,-12.3659
				,14.5498
				,32.415
				,-14.5498
				,12.3659
				,32.415
				,-14.5498
				,-12.3659
				,32.415
				,12.3659
				,14.5498
				,32.415
				,-15.2274
				,12.9419
				,2.58504
				,-12.9419
				,15.2274
				,2.58504
				,12.9419
				,15.2274
				,2.58504
				,-15.2274
				,-12.9419
				,2.58504
				,-15.2274
				,-12.9419
				,2.58504
				,12.9419
				,15.2274
				,2.58504
				,15.2274
				,12.9419
				,2.58504
				,-12.9419
				,-15.2274
				,2.58504
			]
			,"normals": [
				 -0.364788
				,0.84186
				,0.397746
				,-0.841859
				,0.364788
				,0.397746
				,-0.875579
				,0.341586
				,0.341586
				,-0.341586
				,0.875579
				,0.341586
				,-0.841859
				,-0.364788
				,0.397747
				,-0.875579
				,-0.341586
				,0.341586
				,-0.364788
				,-0.841859
				,0.397747
				,-0.341586
				,-0.875579
				,0.341586
				,-0.875579
				,-0.341586
				,0.341586
				,-0.364788
				,-0.841859
				,0.397747
				,0.364788
				,-0.841859
				,0.397747
				,0.341586
				,-0.875579
				,0.341586
				,-0.341586
				,-0.875579
				,0.341586
				,0.364788
				,-0.841859
				,0.397747
				,0.841859
				,-0.364788
				,0.397747
				,0.875579
				,-0.341586
				,0.341586
				,0.341586
				,-0.875579
				,0.341586
				,0.841859
				,0.364788
				,0.397746
				,0.875579
				,0.341586
				,0.341586
				,0.364788
				,0.84186
				,0.397746
				,0.341586
				,0.875579
				,0.341586
				,0.875579
				,0.341586
				,0.341586
				,0.364788
				,0.84186
				,0.397746
				,-0.364788
				,0.84186
				,0.397746
				,-0.341586
				,0.875579
				,0.341586
				,0.341586
				,0.875579
				,0.341586
				,-0.374318
				,0.863557
				,-0.337869
				,-0.863557
				,0.374318
				,-0.337869
				,-0.863557
				,-0.374318
				,-0.337869
				,-0.374318
				,-0.863557
				,-0.337869
				,-0.374318
				,-0.863557
				,-0.337869
				,0.374318
				,-0.863557
				,-0.337869
				,0.374318
				,-0.863557
				,-0.337869
				,0.863557
				,-0.374318
				,-0.337869
				,0.863557
				,0.374318
				,-0.337869
				,0.374318
				,0.863557
				,-0.337869
				,0.374318
				,0.863557
				,-0.337869
				,-0.374318
				,0.863557
				,-0.337869
				,-0.341586
				,0.875579
				,-0.341586
				,-0.875579
				,0.341586
				,-0.341586
				,-0.875579
				,-0.341586
				,-0.341586
				,-0.341586
				,-0.875579
				,-0.341586
				,-0.341586
				,-0.875579
				,-0.341586
				,0.341586
				,-0.875579
				,-0.341586
				,0.341586
				,-0.875579
				,-0.341586
				,0.875579
				,-0.341586
				,-0.341586
				,0.875579
				,0.341586
				,-0.341586
				,0.341586
				,0.875579
				,-0.341586
				,0.341586
				,0.875579
				,-0.341586
				,-0.341586
				,0.875579
				,-0.341586
				,1.15754e-008
				,-1.42667e-007
				,1
				,1.15754e-008
				,-1.42667e-007
				,1
				,-4.3384e-008
				,-9.4798e-008
				,1
				,-4.3384e-008
				,-9.4798e-008
				,1
				,-5.53016e-009
				,6.8159e-008
				,-1
				,-5.53016e-009
				,6.8159e-008
				,-1
				,2.07267e-008
				,4.52897e-008
				,-1
				,2.07267e-008
				,4.52897e-008
				,-1
				,-4.3384e-008
				,-9.4798e-008
				,1
				,-4.3384e-008
				,-9.4798e-008
				,1
				,-4.3384e-008
				,-9.4798e-008
				,1
				,-4.3384e-008
				,-9.4798e-008
				,1
				,1.15754e-008
				,-1.42667e-007
				,1
				,1.15754e-008
				,-1.42667e-007
				,1
				,-4.3384e-008
				,-9.4798e-008
				,1
				,-4.3384e-008
				,-9.4798e-008
				,1
				,-5.53016e-009
				,6.8159e-008
				,-1
				,-5.53016e-009
				,6.8159e-008
				,-1
				,2.07267e-008
				,4.52897e-008
				,-1
				,2.07267e-008
				,4.52897e-008
				,-1
				,2.07267e-008
				,4.52897e-008
				,-1
				,2.07267e-008
				,4.52897e-008
				,-1
				,2.07267e-008
				,4.52897e-008
				,-1
				,2.07267e-008
				,4.52897e-008
				,-1
			]
			,